车手,中文名,配方,P0_pct,t_peak_laps,peak_pct,deg_rate_pct_per_lap,样本数,来源
ALB,阿尔本,C5,97.73,1.0,98.41,0.1136,34,pooled
ALB,阿尔本,C4,96.91,14.0,98.06,-0.1701,21,driver
ALB,阿尔本,C3,98.28,18.0,98.9,0.0262,108,pooled
ALO,阿隆索,C5,97.73,1.0,98.41,0.1136,0,pooled
ALO,阿隆索,C4,97.04,15.0,98.31,-0.0418,69,driver
ALO,阿隆索,C3,98.28,18.0,98.9,0.0262,50,pooled
ANT,安东内利,C5,97.73,1.0,98.41,0.1136,0,pooled
ANT,安东内利,C4,98.05,0.0,98.46,0.0268,61,pooled
ANT,安东内利,C3,98.28,18.0,98.9,0.0262,0,pooled
BEA,比尔曼,C5,97.73,1.0,98.41,0.1136,59,pooled
BEA,比尔曼,C4,98.05,0.0,98.46,0.0268,13,pooled
BEA,比尔曼,C3,98.28,18.0,98.9,0.0262,0,pooled
BOR,博尔托莱托,C5,97.73,1.0,98.41,0.1136,41,pooled
BOR,博尔托莱托,C4,98.05,0.0,98.46,0.0268,22,pooled
BOR,博尔托莱托,C3,98.28,18.0,98.9,0.0262,0,pooled
BOT,博塔斯,C5,97.73,1.0,98.41,0.1136,0,pooled
BOT,博塔斯,C4,98.05,0.0,98.46,0.0268,11,pooled
BOT,博塔斯,C3,94.59,34.0,97.47,-0.0724,74,driver
COL,科拉皮托,C5,97.73,1.0,98.41,0.1136,62,pooled
COL,科拉皮托,C4,98.05,0.0,98.46,0.0268,8,pooled
COL,科拉皮托,C3,98.28,18.0,98.9,0.0262,0,pooled
DEV,德弗里斯,C5,97.73,1.0,98.41,0.1136,0,pooled
DEV,德弗里斯,C4,98.05,0.0,98.46,0.0268,49,pooled
DEV,德弗里斯,C3,98.28,18.0,98.9,0.0262,0,pooled
GAS,加斯利,C5,97.73,1.0,98.41,0.1136,6,pooled
GAS,加斯利,C4,98.05,0.0,98.46,0.0268,76,pooled
GAS,加斯利,C3,98.28,18.0,98.9,0.0262,79,pooled
HAD,哈贾尔,C5,97.73,1.0,98.41,0.1136,7,pooled
HAD,哈贾尔,C4,98.05,0.0,98.46,0.0268,58,pooled
HAD,哈贾尔,C3,98.28,18.0,98.9,0.0262,0,pooled
HAM,汉密尔顿,C5,97.73,1.0,98.41,0.1136,22,pooled
HAM,汉密尔顿,C4,96.81,21.0,99.03,-0.0175,116,driver
HAM,汉密尔顿,C3,98.28,18.0,98.9,0.0262,49,pooled
HUL,胡肯伯格,C5,97.73,1.0,98.41,0.1136,7,pooled
HUL,胡肯伯格,C4,98.05,0.0,98.46,0.0268,31,pooled
HUL,胡肯伯格,C3,98.28,18.0,98.9,0.0262,49,pooled
LAT,拉提菲,C5,97.73,1.0,98.41,0.1136,0,pooled
LAT,拉提菲,C4,98.05,0.0,98.46,0.0268,36,pooled
LAT,拉提菲,C3,98.28,18.0,98.9,0.0262,18,pooled
LAW,劳森,C5,97.73,1.0,98.41,0.1136,23,pooled
LAW,劳森,C4,98.05,0.0,98.46,0.0268,37,pooled
LAW,劳森,C3,98.28,18.0,98.9,0.0262,0,pooled
LEC,勒克莱尔,C5,97.73,1.0,98.41,0.1136,42,pooled
LEC,勒克莱尔,C4,98.05,0.0,98.46,0.0268,32,pooled
LEC,勒克莱尔,C3,95.84,22.0,99.59,0.0423,56,driver
MAG,马格努森,C5,97.73,1.0,98.41,0.1136,0,pooled
MAG,马格努森,C4,98.05,0.0,98.46,0.0268,0,pooled
MAG,马格努森,C3,98.28,18.0,98.9,0.0262,49,pooled
MSC,米克·舒马赫,C5,97.73,1.0,98.41,0.1136,0,pooled
MSC,米克·舒马赫,C4,98.05,0.0,98.46,0.0268,0,pooled
MSC,米克·舒马赫,C3,98.28,18.0,98.9,0.0262,7,pooled
NOR,诺里斯,C5,97.73,1.0,98.41,0.1136,9,pooled
NOR,诺里斯,C4,96.02,6.0,98.27,0.0208,95,driver
NOR,诺里斯,C3,98.28,18.0,98.9,0.0262,96,pooled
OCO,奥康,C5,97.73,1.0,98.41,0.1136,21,pooled
OCO,奥康,C4,98.41,20.0,99.04,-0.0375,87,driver
OCO,奥康,C3,98.28,18.0,98.9,0.0262,21,pooled
PER,佩雷兹,C5,97.73,1.0,98.41,0.1136,0,pooled
PER,佩雷兹,C4,98.05,0.0,98.46,0.0268,48,pooled
PER,佩雷兹,C3,98.28,18.0,98.9,0.0262,34,pooled
PIA,皮亚斯特里,C5,97.73,1.0,98.41,0.1136,10,pooled
PIA,皮亚斯特里,C4,98.05,0.0,98.46,0.0268,57,pooled
PIA,皮亚斯特里,C3,98.28,18.0,98.9,0.0262,124,pooled
RIC,里卡多,C5,97.73,1.0,98.41,0.1136,0,pooled
RIC,里卡多,C4,98.05,0.0,98.46,0.0268,0,pooled
RIC,里卡多,C3,98.28,18.0,98.9,0.0262,108,pooled
RUS,拉塞尔,C5,97.73,1.0,98.41,0.1136,13,pooled
RUS,拉塞尔,C4,95.32,21.0,98.36,0.0447,97,driver
RUS,拉塞尔,C3,98.28,18.0,98.9,0.0262,51,pooled
SAI,塞恩斯,C5,97.73,1.0,98.41,0.1136,27,pooled
SAI,塞恩斯,C4,98.05,0.0,98.46,0.0268,61,pooled
SAI,塞恩斯,C3,96.73,17.0,99.26,0.0205,53,driver
SAR,萨金特,C5,97.73,1.0,98.41,0.1136,27,pooled
SAR,萨金特,C4,98.05,0.0,98.46,0.0268,22,pooled
SAR,萨金特,C3,98.28,18.0,98.9,0.0262,53,pooled
STR,斯特罗尔,C5,97.73,1.0,98.41,0.1136,40,pooled
STR,斯特罗尔,C4,96.32,8.0,97.11,0.1691,36,driver
STR,斯特罗尔,C3,98.43,2.0,98.43,0.0,9,driver
TSU,角田裕毅,C5,97.73,1.0,98.41,0.1136,7,pooled
TSU,角田裕毅,C4,98.53,20.0,99.25,-0.0296,66,driver
TSU,角田裕毅,C3,98.28,18.0,98.9,0.0262,66,pooled
VER,维斯塔潘,C5,97.73,1.0,98.41,0.1136,48,pooled
VER,维斯塔潘,C4,96.01,15.0,99.48,0.0936,111,driver
VER,维斯塔潘,C3,98.28,18.0,98.9,0.0262,28,pooled
VET,维特尔,C5,97.73,1.0,98.41,0.1136,0,pooled
VET,维特尔,C4,98.05,0.0,98.46,0.0268,0,pooled
VET,维特尔,C3,98.28,18.0,98.9,0.0262,33,pooled
ZHO,周冠宇,C5,97.73,1.0,98.41,0.1136,3,pooled
ZHO,周冠宇,C4,98.05,0.0,98.46,0.0268,31,pooled
ZHO,周冠宇,C3,98.28,18.0,98.9,0.0262,112,pooled
