车手,中文名,平均衰减率_pct_per_lap,燃油消耗_kg_per_lap,保胎评分,驾驶风格,基准圈速_s
ALB,阿尔本,-0.0101,1.71,108.1,保胎型,77.58
ALO,阿隆索,0.0326,1.71,73.9,均衡型,76.43
ANT,安东内利,0.0555,1.71,55.6,均衡型,78.29
BEA,比尔曼,0.0555,1.71,55.6,均衡型,75.16
BOR,博尔托莱托,0.0555,1.71,55.6,均衡型,76.06
BOT,博塔斯,0.0226,1.71,81.9,保胎型,76.73
COL,科拉皮托,0.0555,1.71,55.6,均衡型,76.34
DEV,德弗里斯,0.0555,1.71,55.6,均衡型,79.16
GAS,加斯利,0.0555,1.71,55.6,均衡型,78.35
HAD,哈贾尔,0.0555,1.71,55.6,均衡型,76.14
HAM,汉密尔顿,0.0407,1.71,67.4,均衡型,74.94
HUL,胡肯伯格,0.0555,1.71,55.6,均衡型,74.82
LAT,拉提菲,0.0555,1.71,55.6,均衡型,81.1
LAW,劳森,0.0555,1.71,55.6,均衡型,77.99
LEC,勒克莱尔,0.0609,1.71,51.3,均衡型,75.84
MAG,马格努森,0.0555,1.71,55.6,均衡型,79.39
MSC,米克·舒马赫,0.0555,1.71,55.6,均衡型,86.16
NOR,诺里斯,0.0535,1.71,57.2,均衡型,74.99
OCO,奥康,0.0341,1.71,72.7,均衡型,75.58
PER,佩雷兹,0.0555,1.71,55.6,均衡型,75.58
PIA,皮亚斯特里,0.0555,1.71,55.6,均衡型,75.03
RIC,里卡多,0.0555,1.71,55.6,均衡型,79.87
RUS,拉塞尔,0.0615,1.71,50.8,均衡型,77.44
SAI,塞恩斯,0.0536,1.71,57.1,均衡型,77.5
SAR,萨金特,0.0555,1.71,55.6,均衡型,77.88
STR,斯特罗尔,0.0942,1.71,24.6,激进型,76.4
TSU,角田裕毅,0.0367,1.71,70.6,均衡型,78.25
VER,维斯塔潘,0.0778,1.71,37.8,均衡型,76.05
VET,维特尔,0.0555,1.71,55.6,均衡型,80.74
ZHO,周冠宇,0.0555,1.71,55.6,均衡型,76.64
