车手,中文名,停站次数,最优策略,总用时,总秒数
HAM,汉密尔顿,1,C4(73圈) → C3(5圈),1:38:47.0,5927.0
OCO,奥康,1,C4(73圈) → C3(5圈),1:39:01.4,5941.4
HUL,胡肯伯格,1,C4(21圈) → C3(57圈),1:39:12.6,5952.6
PIA,皮亚斯特里,1,C4(21圈) → C3(57圈),1:39:29.3,5969.3
NOR,诺里斯,1,C5(9圈) → C3(69圈),1:39:31.6,5971.6
ALB,阿尔本,1,C4(73圈) → C3(5圈),1:39:37.3,5977.3
BEA,比尔曼,1,C3(57圈) → C4(21圈),1:39:39.6,5979.6
PER,佩雷兹,1,C4(21圈) → C3(57圈),1:40:12.9,6012.9
LEC,勒克莱尔,1,C4(18圈) → C3(60圈),1:40:36.5,6036.5
ALO,阿隆索,1,C4(73圈) → C3(5圈),1:40:38.7,6038.7
VER,维斯塔潘,1,C3(48圈) → C4(30圈),1:40:47.9,6047.9
BOR,博尔托莱托,1,C4(21圈) → C3(57圈),1:40:50.9,6050.9
HAD,哈贾尔,1,C3(57圈) → C4(21圈),1:40:57.3,6057.3
COL,科拉皮托,1,C3(57圈) → C4(21圈),1:41:13.1,6073.1
STR,斯特罗尔,1,C3(73圈) → C5(5圈),1:41:15.9,6075.9
ZHO,周冠宇,1,C4(21圈) → C3(57圈),1:41:36.9,6096.9
TSU,角田裕毅,1,C4(73圈) → C3(5圈),1:42:27.7,6147.7
BOT,博塔斯,2,C4(35圈) → C5(9圈) → C4(34圈),1:42:28.3,6148.3
SAI,塞恩斯,1,C4(10圈) → C3(68圈),1:42:37.1,6157.1
RUS,拉塞尔,1,C5(9圈) → C3(69圈),1:42:46.0,6166.0
SAR,萨金特,1,C4(21圈) → C3(57圈),1:43:15.2,6195.2
LAW,劳森,1,C3(57圈) → C4(21圈),1:43:24.0,6204.0
ANT,安东内利,1,C3(57圈) → C4(21圈),1:43:47.7,6227.7
GAS,加斯利,1,C4(21圈) → C3(57圈),1:43:52.5,6232.5
DEV,德弗里斯,1,C4(21圈) → C3(57圈),1:44:56.7,6296.7
MAG,马格努森,1,C4(21圈) → C3(57圈),1:45:15.0,6315.0
RIC,里卡多,1,C4(21圈) → C3(57圈),1:45:53.0,6353.0
VET,维特尔,1,C4(21圈) → C3(57圈),1:47:02.0,6422.0
LAT,拉提菲,1,C3(57圈) → C4(21圈),1:47:30.5,6450.5
MSC,米克·舒马赫,1,C4(21圈) → C3(57圈),1:54:11.7,6851.7
