车手,中文名,正常策略,正常用时_s,两停策略,两停用时_s,两停损失_s
ALB,阿尔本,C4(73圈) → C3(5圈),5977.3,C3(6圈) → C4(67圈) → C3(5圈),6038.0,+60.7
ALO,阿隆索,C4(73圈) → C3(5圈),6038.7,C3(6圈) → C4(67圈) → C3(5圈),6069.5,+30.8
ANT,安东内利,C3(57圈) → C4(21圈),6227.7,C3(36圈) → C4(6圈) → C3(36圈),6234.2,+6.5
BEA,比尔曼,C3(57圈) → C4(21圈),5979.6,C3(36圈) → C4(6圈) → C3(36圈),5986.6,+7.0
BOR,博尔托莱托,C4(21圈) → C3(57圈),6050.9,C3(36圈) → C4(6圈) → C3(36圈),6057.8,+6.9
BOT,博塔斯,C4(35圈) → C5(9圈) → C4(34圈),6148.3,C4(35圈) → C5(9圈) → C4(34圈),6148.3,+0.0
COL,科拉皮托,C3(57圈) → C4(21圈),6073.1,C3(36圈) → C4(6圈) → C3(36圈),6080.0,+6.8
DEV,德弗里斯,C4(21圈) → C3(57圈),6296.7,C3(36圈) → C4(6圈) → C3(36圈),6303.0,+6.3
GAS,加斯利,C4(21圈) → C3(57圈),6232.5,C3(36圈) → C4(6圈) → C3(36圈),6239.0,+6.5
HAD,哈贾尔,C3(57圈) → C4(21圈),6057.3,C3(36圈) → C4(6圈) → C3(36圈),6064.1,+6.9
HAM,汉密尔顿,C4(73圈) → C3(5圈),5927.0,C3(6圈) → C4(67圈) → C3(5圈),5954.4,+27.4
HUL,胡肯伯格,C4(21圈) → C3(57圈),5952.6,C3(36圈) → C4(6圈) → C3(36圈),5959.7,+7.1
LAT,拉提菲,C3(57圈) → C4(21圈),6450.5,C3(36圈) → C4(6圈) → C3(36圈),6456.5,+6.0
LAW,劳森,C3(57圈) → C4(21圈),6204.0,C3(36圈) → C4(6圈) → C3(36圈),6210.5,+6.5
LEC,勒克莱尔,C4(18圈) → C3(60圈),6036.5,C4(11圈) → C3(56圈) → C4(11圈),6055.2,+18.7
MAG,马格努森,C4(21圈) → C3(57圈),6315.0,C3(36圈) → C4(6圈) → C3(36圈),6321.2,+6.3
MSC,米克·舒马赫,C4(21圈) → C3(57圈),6851.7,C3(36圈) → C4(6圈) → C3(36圈),6856.8,+5.1
NOR,诺里斯,C5(9圈) → C3(69圈),5971.6,C3(36圈) → C5(6圈) → C3(36圈),5974.2,+2.6
OCO,奥康,C4(73圈) → C3(5圈),5941.4,C4(67圈) → C3(6圈) → C4(5圈),5973.0,+31.6
PER,佩雷兹,C4(21圈) → C3(57圈),6012.9,C3(36圈) → C4(6圈) → C3(36圈),6019.8,+7.0
PIA,皮亚斯特里,C4(21圈) → C3(57圈),5969.3,C3(36圈) → C4(6圈) → C3(36圈),5976.3,+7.1
RIC,里卡多,C4(21圈) → C3(57圈),6353.0,C3(36圈) → C4(6圈) → C3(36圈),6359.2,+6.2
RUS,拉塞尔,C5(9圈) → C3(69圈),6166.0,C3(36圈) → C5(6圈) → C3(36圈),6168.0,+2.0
SAI,塞恩斯,C4(10圈) → C3(68圈),6157.1,C4(7圈) → C3(64圈) → C4(7圈),6177.3,+20.1
SAR,萨金特,C4(21圈) → C3(57圈),6195.2,C3(36圈) → C4(6圈) → C3(36圈),6201.8,+6.6
STR,斯特罗尔,C3(73圈) → C5(5圈),6075.9,C3(67圈) → C5(6圈) → C3(5圈),6096.8,+20.9
TSU,角田裕毅,C4(73圈) → C3(5圈),6147.7,C4(67圈) → C3(6圈) → C4(5圈),6178.3,+30.6
VER,维斯塔潘,C3(48圈) → C4(30圈),6047.9,C3(36圈) → C5(6圈) → C3(36圈),6058.1,+10.1
VET,维特尔,C4(21圈) → C3(57圈),6422.0,C3(36圈) → C4(6圈) → C3(36圈),6428.0,+6.0
ZHO,周冠宇,C4(21圈) → C3(57圈),6096.9,C3(36圈) → C4(6圈) → C3(36圈),6103.7,+6.8
