范围,键,样本数,sigma_s,sigma_10圈累计_s,偏度,峰度,正态检验p值,结论
汇总(原始),ALL,3964,2.8833,9.118,6.556,68.953,0,偏离正态(重尾)
汇总(1.5IQR去尾),ALL-TRIM,3576,1.0547,3.335,-0.043,0.164,0.0907,近似正态
年份,2022,580,5.5232,,,,,
年份,2023,991,2.3872,,,,,
年份,2024,1181,1.1568,,,,,
年份,2025,1212,2.5804,,,,,
车手,ALB,206,2.4207,,,,,
车手,ALO,186,3.1353,,,,,
车手,ANT,61,1.1164,,,,,
车手,BEA,67,1.3755,,,,,
车手,BOR,65,1.4412,,,,,
车手,BOT,158,3.0018,,,,,
车手,COL,65,1.23,,,,,
车手,DEV,50,1.8482,,,,,
车手,GAS,158,2.5318,,,,,
车手,HAD,64,2.4515,,,,,
车手,HAM,225,2.8928,,,,,
车手,HUL,116,3.1194,,,,,
车手,LAT,53,3.2647,,,,,
车手,LAW,67,3.5779,,,,,
车手,LEC,227,3.2438,,,,,
车手,MAG,52,5.0347,,,,,
车手,MSC,5,3.4272,,,,,
车手,NOR,223,2.7791,,,,,
车手,OCO,150,3.3857,,,,,
车手,PER,80,5.3012,,,,,
车手,PIA,196,2.3053,,,,,
车手,RIC,111,2.8746,,,,,
车手,RUS,223,2.8654,,,,,
车手,SAI,223,3.8143,,,,,
车手,SAR,116,1.6709,,,,,
车手,STR,179,1.04,,,,,
车手,TSU,222,1.9153,,,,,
车手,VER,225,3.6983,,,,,
车手,VET,33,5.114,,,,,
车手,ZHO,158,1.8801,,,,,
配方,C3,2377,2.6161,,,,,
配方,C4,1477,3.3186,,,,,
配方,C5,110,1.9867,,,,,
