划分,配方,项,值
分年 2022,C5,样本不足,6
分年 2022,C4,P0,92.5371
分年 2022,C4,t_peak,14.0
分年 2022,C4,peak,99.0121
分年 2022,C4,deg_rate,0.0573
分年 2022,C4,样本,314
分年 2022,C3,P0,94.111
分年 2022,C3,t_peak,32.0
分年 2022,C3,peak,99.356
分年 2022,C3,deg_rate,-0.0981
分年 2022,C3,样本,269
分年 2023,C5,样本不足,27
分年 2023,C4,P0,98.132
分年 2023,C4,t_peak,0.0
分年 2023,C4,peak,99.4272
分年 2023,C4,deg_rate,0.0421
分年 2023,C4,样本,328
分年 2023,C3,P0,98.2787
分年 2023,C3,t_peak,6.0
分年 2023,C3,peak,98.9466
分年 2023,C3,deg_rate,0.0345
分年 2023,C3,样本,611
分年 2024,C5,P0,94.8286
分年 2024,C5,t_peak,0.0
分年 2024,C5,peak,95.61
分年 2024,C5,deg_rate,0.0
分年 2024,C5,样本,6
分年 2024,C4,P0,96.0886
分年 2024,C4,t_peak,68.0
分年 2024,C4,peak,98.9057
分年 2024,C4,deg_rate,-0.0
分年 2024,C4,样本,367
分年 2024,C3,P0,97.6199
分年 2024,C3,t_peak,64.0
分年 2024,C3,peak,98.4563
分年 2024,C3,deg_rate,0.0084
分年 2024,C3,样本,741
分年 2025,C5,P0,98.1605
分年 2025,C5,t_peak,0.0
分年 2025,C5,peak,98.5004
分年 2025,C5,deg_rate,0.0836
分年 2025,C5,样本,435
分年 2025,C4,P0,98.2553
分年 2025,C4,t_peak,0.0
分年 2025,C4,peak,98.9943
分年 2025,C4,deg_rate,0.0358
分年 2025,C4,样本,769
分年 2025,C3,样本不足,0
A: 2022+2023 → 2024,C5,验证MAE(%),3.946
A: 2022+2023 → 2024,C5,验证MAE(秒/圈),2.999
A: 2022+2023 → 2024,C5,验证RMSE(%),4.272
A: 2022+2023 → 2024,C5,验证R2,-7.9527
A: 2022+2023 → 2024,C5,MAE/数据极差,0.683
A: 2022+2023 → 2024,C5,验证R2(自身对照),-0.5042
A: 2022+2023 → 2024,C5,训练deg_rate,0.0
A: 2022+2023 → 2024,C5,2024deg_rate,0.0
A: 2022+2023 → 2024,C4,验证MAE(%),0.523
A: 2022+2023 → 2024,C4,验证MAE(秒/圈),0.397
A: 2022+2023 → 2024,C4,验证RMSE(%),0.848
A: 2022+2023 → 2024,C4,验证R2,-0.3109
A: 2022+2023 → 2024,C4,MAE/数据极差,0.149
A: 2022+2023 → 2024,C4,验证R2(自身对照),-2.3121
A: 2022+2023 → 2024,C4,训练deg_rate,0.0349
A: 2022+2023 → 2024,C4,2024deg_rate,-0.0
A: 2022+2023 → 2024,C3,验证MAE(%),0.765
A: 2022+2023 → 2024,C3,验证MAE(秒/圈),0.581
A: 2022+2023 → 2024,C3,验证RMSE(%),0.916
A: 2022+2023 → 2024,C3,验证R2,-1.7208
A: 2022+2023 → 2024,C3,MAE/数据极差,0.229
A: 2022+2023 → 2024,C3,验证R2(自身对照),-0.3317
A: 2022+2023 → 2024,C3,训练deg_rate,0.0193
A: 2022+2023 → 2024,C3,2024deg_rate,0.0084
A: 2022+2023 → 2024,—,DP策略(训练参数),C5(50圈) → C4(28圈)
A: 2022+2023 → 2024,—,DP策略(验证年参数),C5(50圈) → C3(28圈)
A: 2022+2023 → 2024,—,策略一致,否
A: 2022+2023 → 2024,—,"总用时差(训练-验证,秒)",-28.2
B: 2022+2023+2024 → 2025,C5,验证MAE(%),2.575
B: 2022+2023+2024 → 2025,C5,验证MAE(秒/圈),1.957
B: 2022+2023+2024 → 2025,C5,验证RMSE(%),3.079
B: 2022+2023+2024 → 2025,C5,验证R2,-3.1399
B: 2022+2023+2024 → 2025,C5,MAE/数据极差,0.411
B: 2022+2023+2024 → 2025,C5,验证R2(自身对照),0.458
B: 2022+2023+2024 → 2025,C5,训练deg_rate,0.2518
B: 2022+2023+2024 → 2025,C5,2025deg_rate,0.0836
B: 2022+2023+2024 → 2025,C4,验证MAE(%),2.351
B: 2022+2023+2024 → 2025,C4,验证MAE(秒/圈),1.787
B: 2022+2023+2024 → 2025,C4,验证RMSE(%),2.566
B: 2022+2023+2024 → 2025,C4,验证R2,-4.5883
B: 2022+2023+2024 → 2025,C4,MAE/数据极差,0.483
B: 2022+2023+2024 → 2025,C4,验证R2(自身对照),-2.0865
B: 2022+2023+2024 → 2025,C4,训练deg_rate,0.0035
B: 2022+2023+2024 → 2025,C4,2025deg_rate,0.0358
