项,DP总用时(秒),DP策略,DP变化(秒),MC成功率(%),MC变化(pp)
基准,5978.0,C5(28圈) → C4(50圈),0.0,97.54,0.0
进站损失 −5s,5973.0,C5(28圈) → C4(50圈),-5.0,97.54,0.0
进站损失 +5s,5983.0,C5(28圈) → C4(50圈),5.0,97.54,0.0
磨损系数 −50%,5949.5,C5(28圈) → C4(50圈),-28.5,89.25,-8.29
磨损系数 +50%,6007.1,C5(28圈) → C4(50圈),29.1,99.67,2.13
换胎均值 −1s,5977.0,C5(28圈) → C4(50圈),-1.0,97.48,-0.06
换胎均值 +1s,5979.0,C5(28圈) → C4(50圈),1.0,97.59,0.05
配方偏移差 −0.5s,5963.8,C5(28圈) → C4(50圈),-14.2,97.54,0.0
配方偏移差 +0.5s,5986.0,C4(50圈) → C3(28圈),8.0,97.54,0.0
波动 σ ×1.5,5978.0,C5(28圈) → C4(50圈),0.0,90.94,-6.6
