圈号,有效行驶时长_s,最高时速_kmh,平均时速_kmh,圈内行驶距离_m,剔除停车_s,是否异常圈,遥测行数
1,167.53,277.0,72.3,3334.6,2327.9,是,18996
2,114.0,265.0,101.6,3286.0,28.5,是,1082
3,87.96,278.0,135.2,3293.5,0.0,否,683
4,83.42,281.0,141.4,3284.9,0.0,否,633
5,83.49,287.0,142.4,3287.7,0.0,否,638
6,83.54,276.0,143.5,3276.0,0.0,否,641
7,82.05,279.0,144.3,3280.3,0.0,否,623
8,81.66,283.0,146.2,3276.5,0.0,否,617
9,82.13,278.0,144.0,3278.8,0.0,否,637
10,81.69,279.0,144.2,3280.3,0.0,否,619
11,81.64,280.0,144.2,3283.2,0.0,否,636
12,80.94,280.0,145.5,3276.8,0.0,否,632
13,81.54,277.0,146.6,3281.4,0.0,否,633
14,80.71,283.0,147.1,3283.8,0.0,否,635
15,80.71,280.0,146.8,3279.1,0.0,否,621
16,80.91,277.0,148.1,3282.5,0.0,否,623
17,81.26,276.0,146.1,3280.3,0.0,否,623
18,80.18,279.0,148.7,3278.0,0.0,否,587
19,80.38,279.0,147.1,3281.2,0.0,否,592
20,80.5,287.0,145.9,3270.0,0.0,否,609
21,81.06,276.0,146.7,3285.1,0.0,否,604
22,80.66,273.0,146.3,3284.1,0.0,否,617
23,80.26,277.0,147.2,3277.6,0.0,否,620
24,80.65,276.0,148.7,3282.3,0.0,否,591
25,80.44,279.0,147.9,3277.4,0.0,否,628
26,80.58,274.0,147.5,3274.6,0.0,否,603
27,80.63,279.0,145.7,3286.5,0.0,否,627
28,79.63,280.0,151.3,3280.7,0.0,否,609
29,80.39,281.0,148.2,3280.2,0.0,否,614
30,81.56,275.0,145.3,3283.9,0.0,否,632
31,81.06,277.0,147.3,3277.0,0.0,否,616
32,80.27,282.0,148.8,3280.3,0.0,否,614
33,79.63,280.0,149.6,3282.9,0.0,否,587
34,79.26,281.0,150.2,3272.9,0.0,否,625
35,78.95,281.0,147.8,3278.9,0.0,否,592
36,81.75,278.0,144.2,3274.8,0.0,否,615
37,80.9,279.0,146.1,3279.2,0.0,否,628
38,80.45,276.0,146.5,3278.5,0.0,否,601
39,80.51,278.0,146.6,3282.7,0.0,否,625
40,79.94,282.0,148.7,3274.6,0.0,否,599
41,79.45,282.0,149.0,3278.1,0.0,否,617
42,80.22,282.0,146.7,3279.3,0.0,否,601
43,79.63,280.0,149.9,3274.5,0.0,否,606
44,79.82,281.0,148.7,3274.8,0.0,否,605
45,81.87,277.0,145.5,3280.0,0.0,否,632
46,80.72,281.0,145.3,3284.6,0.0,否,614
47,80.59,279.0,146.4,3277.3,0.0,否,615
48,79.45,279.0,148.5,3280.1,0.0,否,620
49,79.51,279.0,149.1,3285.0,0.0,否,612
50,79.39,284.0,150.6,3276.0,0.0,否,610
51,78.98,284.0,150.6,3276.0,0.0,否,618
52,81.68,281.0,145.3,3280.8,0.0,否,642
53,80.83,283.0,145.0,3273.1,0.0,否,608
54,83.78,286.0,142.4,3283.7,0.0,否,644
55,79.22,287.0,149.4,3275.4,0.0,否,594
56,78.93,290.0,150.7,3268.8,0.0,否,610
57,78.4,284.0,151.1,3269.4,0.0,否,595
58,78.82,287.0,149.5,3269.7,0.0,否,607
59,78.33,285.0,151.8,3275.8,0.0,否,598
60,79.66,283.0,149.0,3273.0,0.0,否,608
61,80.35,282.0,148.2,3269.9,0.0,否,608
62,79.64,284.0,148.3,3258.6,0.0,否,628
63,83.21,280.0,142.2,3283.7,0.0,否,625
64,78.04,286.0,152.5,3274.7,0.0,否,606
65,77.39,286.0,153.3,3270.7,0.0,否,592
66,78.13,285.0,152.4,3275.3,0.0,否,588
67,78.0,287.0,152.1,3278.0,0.0,否,593
68,78.51,286.0,149.8,3274.6,0.0,否,599
69,80.05,285.0,149.8,3271.7,0.0,否,620
70,79.5,286.0,148.3,3282.9,0.0,否,597
71,79.08,285.0,148.9,3278.0,0.0,否,617
72,78.29,285.0,150.5,3279.2,0.0,否,606
73,78.56,283.0,150.9,3278.1,0.0,否,610
74,78.14,282.0,151.5,3275.0,0.0,否,600
75,77.98,282.0,151.9,3277.6,0.0,否,612
76,77.41,281.0,151.3,3277.3,0.0,否,594
77,77.19,282.0,153.5,3274.8,0.0,否,581
